Company,Prev Close (Rs),Current Price (Rs),% Change
Integra Garments,0.55,1.6,+190.91
Jain Studios Ltd,2.4,5.4,+125.00
Impex Ferro Tech Ltd,0.45,1.0,+122.22
Reliance Com,1.55,3.3,+112.90
Biofil Chemicals,12.8,24.85,+94.14
Vikas Multicorp,5.05,9.4,+86.14
Oriental Aromatics,188.6,348.9,+84.99
Akash Infra-Projects,87.0,157.65,+81.21
Balaxi Ventures,123.9,223.85,+80.67
Mask Investments,33.1,59.25,+79.00
IOL Chemicals and Ph,449.6,782.5,+74.04
DCM Financial,0.95,1.65,+73.68
Indo Count Inds.,37.15,64.0,+72.27
5Paisa Capital,222.9,381.3,+71.06
Xelpmoc Design and T,70.8,117.4,+65.82
McLeod Russel,7.8,12.7,+62.82
Universus Photo Imag,91.6,148.2,+61.79
Kaushalya Infrastruc,0.65,1.05,+61.54
Tanla Solutions,71.7,109.0,+52.02
Vertoz Advertising,78.85,119.7,+51.81
Ballarpur Ind.,1.45,2.2,+51.72
Vikas Ecotech L,4.35,6.6,+51.72
Majesco L,359.85,543.3,+50.98
Intense Technologies,24.4,36.55,+49.80
Matrimony.com,386.8,572.25,+47.94
Dynemic Products,142.4,209.6,+47.19
Naga Dhunseri Group,476.3,701.05,+47.19
Laurus Labs,519.45,763.85,+47.05
Venus Remedies L,58.55,86.0,+46.88
Dishman Carbogen Amc,121.75,178.2,+46.37
Eveready Industr,81.85,118.95,+45.33
Paisalo Digital L,214.5,310.0,+44.52
Panache Digilife,38.5,55.5,+44.16
Pearl Polymers,15.3,22.05,+44.12
IRB Infrastructure,88.55,126.8,+43.20
RattanIndia Infra,3.75,5.35,+42.67
Rana Sugars,4.25,6.05,+42.35
Bigbloc Construction,29.6,42.05,+42.06
Asahi Songwon Colors,148.05,210.05,+41.88
Kellton Tech Solutio,15.6,21.95,+40.71
Intellect Design,111.65,157.05,+40.66
The United Nilgiri,242.15,339.35,+40.14
Persistent Systems,635.1,887.8,+39.79
Granules India L,202.6,282.75,+39.56
Sagar Cements,334.45,466.15,+39.38
Intrasoft Technologi,49.95,69.0,+38.14
Au Small Finance Ban,543.5,746.4,+37.33
Poly Medicure Lt,294.4,402.2,+36.62
Shree Pushkar Chemic,89.1,121.65,+36.53
Thyrocare Tech.,508.5,692.95,+36.27
The Peria Karamalai,95.0,129.2,+36.00
Sree Rayalaseema Hi-,118.95,161.35,+35.65
Autoline Industries,19.9,26.95,+35.43
Tarmat L,25.0,33.7,+34.80
National Fertilizers,32.85,44.0,+33.94
Satia Industries,73.3,97.65,+33.22
BLS International Se,65.1,86.6,+33.03
Hathway Cable & Data,31.7,42.05,+32.65
IVP,37.8,50.05,+32.41
NIIT Technologies,1409.2,1862.85,+32.19
Pricol L,37.9,50.1,+32.19
ITI,104.1,137.35,+31.94
The Andhra Sugars,259.45,341.55,+31.64
Infibeam Avenues,59.35,78.0,+31.42
Aarti Drugs Ltd,1270.55,1668.4,+31.31
Firstsource Solution,35.7,46.85,+31.23
Bharat Rasayan,7459.15,9785.25,+31.18
Birlasoft,89.45,116.75,+30.52
MphasiS Ltd.,878.75,1142.05,+29.96
Central Depository,270.7,351.25,+29.76
Rain Industries,76.0,98.55,+29.67
Infosys,735.95,954.15,+29.65
MCX,1283.9,1663.9,+29.60
Thangamayil Jeweller,259.25,335.7,+29.49
Cosmo Films,313.15,405.4,+29.46
Deepak Nitrite,475.05,614.9,+29.44
Geekay Wires,68.65,88.85,+29.42
Saksoft Ltd.,187.75,242.6,+29.21
Caplin Point Lab,312.4,403.25,+29.08
NOCIL Ltd.,82.9,106.85,+28.89
PTC India Financial,12.55,16.15,+28.69
Kingfa Science & Tec,362.65,466.3,+28.58
Harrisons Malaya,71.35,91.65,+28.45
Zensar Technologies,123.85,158.95,+28.34
Suven Pharmaceutical,470.4,603.2,+28.23
Camlin Fine Sciences,52.55,67.3,+28.07
Rossell India,61.25,78.3,+27.84
Jump Networks,59.2,75.5,+27.53
Dhunseri Investments,162.8,207.45,+27.43
Astec Lifesciences L,789.55,1003.4,+27.09
Bannari Amman Su,1021.8,1293.95,+26.63
Jayshree Tea,43.95,55.65,+26.62
GTPL Hathway,67.0,84.8,+26.57
Kopran Ltd,35.15,44.4,+26.32
Wipro Ltd,219.65,277.0,+26.11
Lakshmi Finance,41.65,52.5,+26.05
Dixon Technologies,5758.9,7250.7,+25.90
Zydus Wellness Ltd.,1275.75,1604.2,+25.75
Sequent Scientific,91.65,114.65,+25.10
Repco Home Finance L,122.55,153.1,+24.93
Uflex Ltd.,209.55,261.5,+24.79
Tejas Networks,47.9,59.75,+24.74
HCL Technologies,556.85,694.4,+24.70
Ramco Systems Lt,110.15,137.35,+24.69
Mastek Li,399.0,496.95,+24.55
Tech Mahindra,543.4,676.4,+24.48
India Power Corp,8.85,11.0,+24.29
Muthoot Finance,1086.05,1348.2,+24.14
Bodal Chemicals,59.7,74.1,+24.12
Edelweiss Fin. Ser,62.8,77.8,+23.89
Shrenik L,40.25,49.85,+23.85
Polyplex Corpn.,473.55,585.35,+23.61
Garware Tech. Fibres,1368.3,1689.85,+23.50
Meghmani Organics,51.4,63.4,+23.35
Reliance Inds.,1704.1,2096.65,+23.04
Salasar Techno Engin,158.2,194.5,+22.95
Responsive Industrie,75.9,93.3,+22.92
Sasken Technologies,481.0,590.6,+22.79
MSTC Ltd.,122.2,149.9,+22.67
L&T Infotech,1957.9,2400.45,+22.60
Lincoln Pharmace,160.05,195.75,+22.31
Cybertech System,41.7,51.0,+22.30
Dr. Lal Pathlabs Ltd,1564.55,1910.3,+22.10
Maha. Scooters,2504.55,3051.15,+21.82
Apollo Hospitals,1349.85,1641.3,+21.59
Apollo Micro Systems,104.15,126.45,+21.41
Royal Orchid Hotels,53.05,64.4,+21.39
Bharat Petroleum,374.0,453.8,+21.34
Neuland Laborat,576.45,699.1,+21.28
Rajratan Global Wire,216.7,262.7,+21.23
Magnum Ventures Ltd.,4.5,5.45,+21.11
SMS Pharmaceuticals,62.25,75.35,+21.04
Bharat Forge,319.35,385.95,+20.85
Saregama India Ltd.,426.8,515.5,+20.78
Inventure Growth & S,14.25,17.2,+20.70
Inspirisys Solutions,23.2,28.0,+20.69
Allied Digital Servi,17.0,20.5,+20.59
Bharat Dynamics,333.25,401.5,+20.48
Kiri Industries,415.2,500.0,+20.42
Manappuram Finance,151.35,181.95,+20.22
Hinduja Global Solut,654.2,786.2,+20.18
Nucleus Software,263.15,316.2,+20.16
FIEM Industries,355.6,426.85,+20.04
Sagardeep Alloys,111.0,133.2,+20.00
Fineotex Chemical Lt,26.45,31.65,+19.66
Allcargo Logistics,79.2,94.75,+19.63
Poddar Pigments,151.0,180.5,+19.54
Unichem Labs,175.1,209.15,+19.45
TGB Banquets,3.6,4.3,+19.44
Newgen Software Tech,149.25,178.25,+19.43
Hikal Ltd.,125.15,148.85,+18.94
Creative Peripherals,76.05,90.35,+18.80
The Byke Hospitality,12.0,14.25,+18.75
APL Apollo Tubes,1552.9,1842.95,+18.68
Tata Communications,611.75,726.0,+18.68
Hind. Food,561.65,666.4,+18.65
The Anup Engineering,383.1,454.55,+18.65
Guj. Amb.Exports,141.6,168.0,+18.64
Deepak Fertilisers,118.55,140.65,+18.64
Nelcast Ltd.,42.45,50.3,+18.49
Mahi. & Mahi,510.7,604.85,+18.44
Jocil Ltd.,149.9,177.4,+18.35
SBI Cards and Pay,630.25,745.75,+18.33
Gravita India Ltd.,41.95,49.6,+18.24
JK Lakshmi Cement L,252.95,299.1,+18.24
Simplex Infrastructu,28.0,33.1,+18.21
PI Industries,1503.95,1776.8,+18.14
Cimmco,16.6,19.6,+18.07
Archidply Industries,23.35,27.55,+17.99
Wanbury,24.2,28.55,+17.98
Zen Technologies Ltd,50.05,59.05,+17.98
KCP Ltd.,47.6,56.15,+17.96
Everest Kanto Cylind,18.65,22.0,+17.96
Cyient Ltd.,275.8,325.05,+17.86
Hindustan Aeronautic,772.15,909.15,+17.74
Balaji Amines Li,493.4,580.7,+17.69
Jubilant Life Scienc,655.45,771.4,+17.69
Ujjivan SmallFinance,29.85,35.05,+17.42
Vadilal Indus.,521.4,612.1,+17.40
RPG Life Sciences,265.75,311.65,+17.27
Mahindra EPC Irrigat,139.25,163.3,+17.27
Tribhovandas Bhimji,29.25,34.25,+17.09
Titagarh Wagons Ltd.,34.15,39.95,+16.98
Cholamandalam Invest,189.4,221.4,+16.90
Eicher Motors,18334.3,21400.95,+16.73
Steel Authority,30.4,35.45,+16.61
Precision Camshafts,26.85,31.3,+16.57
Vimta Labs Ltd.,85.0,99.0,+16.47
MPS Ltd.,277.2,322.85,+16.47
L&T Technology Serv,1283.05,1493.65,+16.41
S H Kelkar & Company,63.3,73.6,+16.27
HDFC Life Insurance,549.0,637.75,+16.17
AGC Networks,292.65,339.9,+16.15
Visaka Indus.,232.95,270.5,+16.12
Westlife Development,307.85,357.25,+16.05
ADF Foods Ltd.,292.45,339.3,+16.02
Bajaj Finance L,2831.0,3284.25,+16.01
Chambal Fertilis,141.95,164.6,+15.96
IndusInd Bank,474.8,550.5,+15.94
BASF India Lt,1137.8,1318.75,+15.90
Affle (India),1460.25,1691.45,+15.83
Chromatic India,0.95,1.1,+15.79
Dhanuka Agritech Ltd,707.5,818.95,+15.75
Metropolis Healthcar,1359.3,1571.85,+15.64
JaiprakashAssociates,2.6,3.0,+15.38
Bosch Ltd.,11418.1,13173.85,+15.38
Hind. Copper,31.7,36.55,+15.30
Agro Tech Foods Ltd.,520.05,599.5,+15.28
Pilani Investmen,1354.1,1560.45,+15.24
Seamec Ltd.,369.55,425.25,+15.07
Marksans Pharma,32.2,37.05,+15.06
Motilal Oswal Financ,591.8,680.05,+14.91
JSW Steel,189.35,217.55,+14.89
Bajaj Consumer Care,146.15,167.9,+14.88
MindTree Ltd.,925.65,1062.75,+14.81
Adani Enterprises Lt,156.25,179.1,+14.62
BSE,443.75,508.25,+14.54
Tin Plate Co.,118.3,135.5,+14.54
Renaissance Global,223.45,255.9,+14.52
The Grob Tea Company,411.7,471.2,+14.45
Orbit Exports Li,59.35,67.9,+14.41
Tata Steel,326.7,373.75,+14.40
3M India Ltd.,18795.25,21501.65,+14.40
Gufic BioSciences Lt,76.4,87.4,+14.40
Goldiam Internat,102.65,117.4,+14.37
Bombay Burmah,1051.65,1202.65,+14.36
Weizmann,24.05,27.5,+14.35
VLS Finance L,46.5,53.15,+14.30
Natco Pharma,631.15,720.85,+14.21
Sanghvi Movers L,58.65,66.95,+14.15
Jindal St & Pwr,161.5,184.25,+14.09
Onward Technolog,62.0,70.65,+13.95
PTL Enterprises,33.85,38.55,+13.88
Asian Granito India,210.2,239.35,+13.87
Cochin Shipyard,300.3,341.95,+13.87
Sharda Cropchem,263.35,299.85,+13.86
Pokarna Ltd.,119.25,135.75,+13.84
Gujarat Fluorochem,356.9,406.1,+13.79
Cholamandalam Financ,295.3,335.85,+13.73
Info Edge (India),2761.85,3140.2,+13.70
Syngene Internationa,400.9,455.8,+13.69
Tata Coffee Ltd.,81.95,93.1,+13.61
PVR Ltd.,1001.7,1136.7,+13.48
Spandana Sphoorty Fi,545.15,618.4,+13.44
Apollo Sindoori Hote,456.6,517.6,+13.36
Lumax Inds.,1084.55,1229.15,+13.33
Gokaldas Exports,40.15,45.5,+13.33
Shreyas Shipping & L,60.4,68.45,+13.33
Jullundur Motor,21.55,24.4,+13.23
MMTC Ltd.,16.8,19.0,+13.10
I G Petrochemicals,138.25,156.35,+13.09
Elgi Equipments,145.5,164.55,+13.09
The Ramco Cements,635.1,718.05,+13.06
Tree House Education,5.0,5.65,+13.00
Phillips Carbon,88.45,99.9,+12.95
AtlasCycles(Haryana),40.95,46.25,+12.94
JM Financial Ltd.,70.0,79.05,+12.93
Orissa Minerals Deve,1599.2,1805.15,+12.88
Tube Investments,444.4,501.6,+12.87
Aptech Ltd.,99.7,112.5,+12.84
Neogen Chemicals,475.2,536.1,+12.82
Inox Leisure,226.55,255.6,+12.82
Bank of Maharash,11.0,12.4,+12.73
Kirloskar Bros.,115.65,130.25,+12.62
Kalyani Steel,196.9,221.6,+12.54
SKM Egg Produc,31.6,35.55,+12.50
Kamat Hotels (In,28.25,31.75,+12.39
Somany Ceramics Ltd.,118.3,132.9,+12.34
GMR Infrastructure L,20.05,22.5,+12.22
Hindalco Indus.,146.2,164.05,+12.21
Va Tech Wabag Ltd.,107.75,120.85,+12.16
Thirumalai Chem.,48.9,54.8,+12.07
Supreme Inds.,1127.7,1263.55,+12.05
Datamatics Global Se,47.2,52.85,+11.97
Agarwal Industrial C,70.4,78.8,+11.93
Vardhman Polytex,7.55,8.45,+11.92
Atul Ltd.,4550.85,5086.95,+11.78
Fortis Healthcare,121.95,136.2,+11.69
Sterlite Technologie,110.1,122.95,+11.67
Hexa Tradex Ltd.,17.7,19.75,+11.58
Balaji Telefilms Ltd,74.75,83.4,+11.57
Kirloskar Ferrou,68.5,76.4,+11.53
Hexaware Technologie,333.3,371.65,+11.51
GIC Housing Fi,81.9,91.25,+11.42
Ambuja Cements Ltd.,193.6,215.6,+11.36
North Eastern Carry,12.35,13.75,+11.34
Fine Organic Indus,1864.35,2075.7,+11.34
Essel Propack Ltd.,180.0,200.35,+11.31
Shalby,69.0,76.8,+11.30
Dalmia Bharat Sugar,109.15,121.35,+11.18
Kalpataru Power,216.55,240.55,+11.08
GPT Infraprojects,23.5,26.1,+11.06
Bajaj Electricals,392.8,435.85,+10.96
Tata Power Co.,44.85,49.75,+10.93
BGR Energy Systems,34.8,38.6,+10.92
Rallis India,272.3,301.75,+10.82
Themis Medicare Ltd.,343.6,380.65,+10.78
BF Utilities Ltd.,204.1,226.1,+10.78
GSFC,53.45,59.2,+10.76
KIOCL,106.55,118.0,+10.75
State Trading,45.6,50.5,+10.75
Mirza International,43.75,48.45,+10.74
Den Networks Ltd.,75.25,83.3,+10.70
Cineline India,23.9,26.45,+10.67
Huhtamaki PPL,203.45,225.1,+10.64
TV Today Network Ltd,184.15,203.7,+10.62
SMS Lifesciences Ind,298.95,330.5,+10.55
Zodiac JRD MKJ L,24.4,26.95,+10.45
Vardhman Holdings,1173.55,1295.9,+10.43
Tata Consumer Produc,387.45,427.7,+10.39
Apollo Pipes,316.1,348.95,+10.39
Max Ventures and Ind,33.95,37.45,+10.31
GE T&D India,75.2,82.9,+10.24
Bhageria Industries,110.8,122.15,+10.24
Autolite (I),16.8,18.5,+10.12
Century Plyboards,118.1,130.05,+10.12
Mold-Tek Packaging,200.75,220.9,+10.04
Ebixcash World Money,428.9,471.3,+9.89
Bharat Electroni,88.65,97.3,+9.76
IDFC First Bank,25.7,28.2,+9.73
Escorts Ltd.,1040.0,1140.8,+9.69
Bajaj Auto Ltd.,2826.05,3099.3,+9.67
Titan Company,949.85,1040.45,+9.54
Premier Explos.,104.4,114.35,+9.53
Ujjivan Financial,220.3,241.2,+9.49
Excel Industries,702.3,768.9,+9.48
Federal Bank,51.0,55.8,+9.41
Narayana Hrudayalaya,268.0,293.2,+9.40
GE Power India,449.05,491.25,+9.40
Galaxy Surfacta.,1479.75,1618.65,+9.39
Tata Consultancy,2082.15,2276.05,+9.31
PTC India,48.5,53.0,+9.28
SBI Life Insurance,806.45,881.1,+9.26
Hester Biosciences L,1211.75,1324.0,+9.26
S Chand & Company,43.25,47.25,+9.25
LT Foods Ltd.,41.6,45.45,+9.25
Ramco Industries,157.6,172.15,+9.23
Bliss GVS Pharma,96.95,105.9,+9.23
Can Fin Homes,337.85,369.05,+9.23
Varroc Engineering,181.85,198.6,+9.21
Tainwala Chem.,47.75,52.15,+9.21
Navin Fluorine Inter,1622.0,1771.25,+9.20
NCL Industries,70.25,76.7,+9.18
Prakash Pipes,54.5,59.5,+9.17
Munjal Showa Ltd,97.75,106.7,+9.16
Hero MotoCorp,2546.95,2780.0,+9.15
Capri Global Capital,168.3,183.7,+9.15
Lumax Auto Technolog,86.4,94.3,+9.14
Steel ExchangeIndia,25.75,28.1,+9.13
SRF Ltd.,3605.7,3934.85,+9.13
Dr. Reddy's Labs,3944.95,4302.2,+9.06
Ashok Leyland,46.95,51.2,+9.05
Pearl Global Industr,103.0,112.3,+9.03
Thomas Cook (I),26.6,29.0,+9.02
Emami Ltd.,220.8,240.6,+8.97
Hubtown,10.05,10.95,+8.96
Heritage Foods,259.2,282.35,+8.93
Sterling Tools L,164.7,179.3,+8.86
Ucal Fuel System,110.15,119.85,+8.81
Gujarat Narmada Vall,153.25,166.7,+8.78
Tata Steel BSL,20.5,22.3,+8.78
Chennai Petro.,77.6,84.3,+8.63
Sunflag Iron,37.2,40.4,+8.60
UPL,425.2,461.75,+8.60
EIH Associated,236.55,256.85,+8.58
Sonata Software,238.6,258.9,+8.51
Alpa Laboratories Lt,21.8,23.65,+8.49
Indian Oil Corp,85.35,92.6,+8.49
Axis Bank Ltd.,406.65,440.9,+8.42
Pfizer Ltd.,3963.8,4296.75,+8.40
Manali Petrochem,18.65,20.2,+8.31
Shilpa Medicare L,475.4,514.85,+8.30
Bajaj Finserv Ltd.,5845.15,6328.6,+8.27
Sundaram Fasten.,374.3,405.0,+8.20
Tamilnadu Petroprod,33.2,35.9,+8.13
Hercules Hoists,75.3,81.4,+8.10
Dhunseri Tea & Indus,159.3,172.2,+8.10
Snowman Logistics Lt,29.4,31.75,+7.99
Hind. Composites,155.95,168.4,+7.98
Container Corpor,417.9,450.9,+7.90
Nelco Ltd,194.7,210.05,+7.88
Voltas Ltd.,546.45,589.45,+7.87
Alkyl Amines Che,2107.25,2272.65,+7.85
Kanani Industries Lt,3.85,4.15,+7.79
Bharat Heavy Ele,35.7,38.45,+7.70
Tata Motors Ltd.,98.25,105.75,+7.63
Tata Steel Long Prod,244.0,262.5,+7.58
Control Print Ltd.,198.95,214.0,+7.56
Indian Metal & F,158.85,170.8,+7.52
Shree Digvijay,54.05,58.1,+7.49
Eros International M,18.1,19.45,+7.46
Indian Hume Pipe,159.35,171.2,+7.44
Aegis Logistics Ltd.,176.5,189.6,+7.42
Alembic Pharmaceutic,912.8,980.4,+7.41
NMDC Ltd.,81.15,87.15,+7.39
UltraTech Cement,3893.55,4180.95,+7.38
Amrutanjan Health Ca,361.0,387.6,+7.37
Accelya Solutions In,920.0,987.75,+7.36
Tips Industries,136.15,146.15,+7.34
Banco Products,73.25,78.55,+7.24
Indraprastha Med,51.85,55.6,+7.23
Alkem Laboratories,2368.3,2539.2,+7.22
Emmbi Industries,67.25,72.1,+7.21
D-Link (India),82.65,88.6,+7.20
Supreme Petroche,167.1,179.1,+7.18
JK Cement,1379.0,1477.95,+7.18
SBI,178.45,191.2,+7.14
TRF Ltd,74.75,80.05,+7.09
eClerx Services,446.25,477.75,+7.06
Chemfab Alkalis,129.7,138.8,+7.02
Aarvi Encon,29.9,32.0,+7.02
Brooks Laboratories,30.7,32.85,+7.00
HDFC,1754.65,1877.3,+6.99
Endurance Technologi,870.75,931.5,+6.98
Action Construction,54.45,58.25,+6.98
KSB Ltd,467.15,499.4,+6.90
Godrej Agrovet L,430.8,460.35,+6.86
AXISCADES Engineer,51.15,54.65,+6.84
TeamLease Service,1680.5,1795.15,+6.82
Dredging Corpora,252.05,269.15,+6.78
Indiabulls Real Esta,48.8,52.1,+6.76
Equitas Holdings Ltd,49.55,52.9,+6.76
Dalmia Bharat L,673.3,718.75,+6.75
Vishnu Chemicals,126.55,134.95,+6.64
IndiaMART InterMESH,2325.1,2479.2,+6.63
TCI Express,668.2,712.2,+6.58
Gulshan Polyols Ltd.,34.45,36.7,+6.53
TVS Motor Co. Ltd.,378.35,402.95,+6.50
Ahluwalia Contra,205.7,219.0,+6.47
VIP Indus.,257.65,274.3,+6.46
Sterling and Wilson,219.65,233.85,+6.46
Jai Corp Ltd.,83.95,89.35,+6.43
Cipla,640.25,681.25,+6.40
Divi's Lab,2278.9,2423.65,+6.35
Hind. Zinc,195.95,208.35,+6.33
Superhouse Ltd.,80.9,86.0,+6.30
Oriental Carbon,736.85,783.15,+6.28
TVS Srichakra Lt,1357.95,1442.45,+6.22
Mayur Uniquoters,205.85,218.6,+6.19
Eimco Elecon Ind,293.7,311.85,+6.18
Srikalahasthi Pipes,177.1,188.0,+6.15
Ipca Laboratorie,1674.4,1776.4,+6.09
Bajaj Holdings & Inv,2543.0,2697.85,+6.09
Career Point,138.9,147.15,+5.94
Maruti Suzuki India,5838.3,6185.15,+5.94
ACC,1332.25,1410.95,+5.91
Aster DM Healthcare,123.85,131.15,+5.89
VST Tillers Tr,1325.6,1403.0,+5.84
Berger Paints I,493.9,522.65,+5.82
Reliance Naval,2.6,2.75,+5.77
IDFC L,18.4,19.45,+5.71
Liberty Shoes Li,123.45,130.45,+5.67
DCM Shriram,317.35,335.3,+5.66
ABB Power Products,840.25,887.45,+5.62
Tata Elxsi Ltd.,897.3,947.05,+5.54
The Indian Card Clot,88.8,93.7,+5.52
ICICI Pru Life,425.8,449.25,+5.51
Walchandnagar,50.9,53.7,+5.50
Vishal Fabrics Ltd.,258.0,272.0,+5.43
Sirca Paints India,204.6,215.7,+5.43
Dilip Buildcon Ltd.,272.8,287.45,+5.37
Hind. Petrol,216.75,228.35,+5.35
Bandhan Bank,319.3,336.35,+5.34
Centum Electronics L,297.55,313.4,+5.33
HIL,1165.05,1227.0,+5.32
Sandhar Technologies,195.55,205.95,+5.32
Britannia Ind.,3603.8,3794.7,+5.30
DCB Bank,75.7,79.7,+5.28
Aurobindo Pharma,771.7,811.95,+5.22
TCPL Packaging,266.65,280.5,+5.19
SIL Investments Ltd.,141.1,148.4,+5.17
Mahindra Logistics L,274.7,288.9,+5.17
Aditya Birla Money L,33.95,35.7,+5.15
Arvind SmartSpaces,74.05,77.85,+5.13
Kanoria Chemical,33.25,34.95,+5.11
Madhya Bharat Agro,59.85,62.9,+5.10
Ajanta Pharma Lt,1417.15,1489.3,+5.09
Dabur India,465.95,489.6,+5.08
Strides Pharma Scien,409.6,430.4,+5.08
Shriram Trans.Fi,689.6,724.55,+5.07
Nesco Ltd.,426.2,447.45,+4.99
PSP Projects,389.95,409.05,+4.90
India Tourism De,209.45,219.65,+4.87
Suprajit Enginee,144.45,151.45,+4.85
TPL Plastech Ltd.,111.25,116.65,+4.85
Kajaria Ceramics,392.4,411.2,+4.79
Siemens Ltd.,1096.65,1148.8,+4.76
Fairchem Speciality,564.45,591.3,+4.76
Rollatainers Ltd,2.1,2.2,+4.76
Arman Financial Serv,445.1,465.85,+4.66
Mukta Arts Ltd.,23.65,24.75,+4.65
WelspunInvestments,215.0,225.0,+4.65
Muthoot Capital,366.2,383.15,+4.63
Birla Corporation Lt,578.85,605.6,+4.62
CARE Ratings,419.45,438.7,+4.59
Vishwaraj Sugar Ind,78.75,82.3,+4.51
GHCL,137.3,143.4,+4.44
Lasa Supergenerics,43.9,45.85,+4.44
Kesoram Industri,34.05,35.55,+4.41
National Alumini,31.85,33.25,+4.40
Kaveri Seed Company,573.8,599.0,+4.39
Welspun Corp,79.75,83.25,+4.39
Linde India,613.1,639.95,+4.38
Piramal Enterprises,1363.8,1423.55,+4.38
Crompton Greaves Con,238.65,249.05,+4.36
M M Forgings Ltd.,184.0,192.0,+4.35
Oracle Financial Ser,2863.75,2987.8,+4.33
Amara Raja Batt.,650.4,678.5,+4.32
Nath Bio-Genes,320.6,334.2,+4.24
Sun Pharma.,472.95,493.0,+4.24
Summit Securities,340.05,354.45,+4.23
Nilkamal Ltd.,1142.6,1190.95,+4.23
Vaibhav Global,1276.2,1329.6,+4.18
Lemon Tree Hotels,22.8,23.75,+4.17
Sun Pharma Advanced,162.4,169.15,+4.16
Ashiana Housing Ltd.,59.2,61.65,+4.14
Texmaco Rail & Engin,24.3,25.3,+4.12
Rashtriya Chemicals,46.4,48.3,+4.09
Mangalore Refine,36.65,38.15,+4.09
Vidhi Specialty Food,67.85,70.6,+4.05
Welspun India,37.1,38.6,+4.04
Blue Dart Expres,2042.1,2124.3,+4.03
CreditAccess Grameen,522.25,543.2,+4.01
KEI Industries,348.8,362.6,+3.96
Century Textiles,294.5,306.15,+3.96
Asian Hotels (North),53.0,55.1,+3.96
Power Grid Corpo,174.85,181.75,+3.95
Shakti Pumps (In,165.2,171.7,+3.93
Honda India Power,966.05,1003.75,+3.90
KPIT Technologies,63.0,65.4,+3.81
Airan Ltd.,11.85,12.3,+3.80
Adroit Infotech,7.9,8.2,+3.80
Exide Inds.,148.2,153.8,+3.78
BEML Ltd.,638.65,662.65,+3.76
Max Financial Servic,542.0,562.3,+3.75
Godawari Power & Isp,167.95,174.25,+3.75
Oil India Ltd.,93.65,97.15,+3.74
DIC India,333.3,345.7,+3.72
HSIL Ltd.,52.45,54.4,+3.72
Nectar Lifesciences,21.55,22.35,+3.71
NLC India L,46.15,47.85,+3.68
Chembond Chemica,142.9,148.15,+3.67
Aarti Ind. Ltd,931.4,965.55,+3.67
Tide Water Oil,4072.6,4219.15,+3.60
Advanced Enzyme Tech,170.65,176.75,+3.57
GRP L,634.75,657.3,+3.55
Polycab India,789.3,817.35,+3.55
Kirloskar Oil Engine,106.65,110.4,+3.52
PNB Housing Finance,207.55,214.8,+3.49
Ester India,51.55,53.35,+3.49
Crisil,1618.85,1674.85,+3.46
Elecon Engg.,26.1,27.0,+3.45
NBCC (India),23.25,24.05,+3.44
Menon Bearings L,37.9,39.2,+3.43
Mangalam Cement,187.0,193.4,+3.42
KEC International Lt,270.65,279.9,+3.42
Vedanta,106.4,110.0,+3.38
Karnataka Bank,41.55,42.95,+3.37
Kitex Garments,108.25,111.85,+3.33
Rane Holdings Ltd.,428.7,442.95,+3.32
PNB Gilts Ltd.,36.1,37.3,+3.32
Indiabulls Housing F,207.15,213.9,+3.26
Jubilant Industries,104.3,107.7,+3.26
Wonderla Holidays Lt,131.85,136.15,+3.26
Coromandel Internati,755.75,780.35,+3.26
LIC Housing Fi,265.05,273.45,+3.17
Asian Paints Ltd.,1687.45,1740.15,+3.12
Reliance Ind.Inf,401.7,414.15,+3.10
NCC,29.15,30.05,+3.09
Anjani Portland,137.3,141.5,+3.06
JK Tyre & Industries,64.1,66.05,+3.04
Jindal Stainless (Hi,70.1,72.2,+3.00
Subros Ltd.,170.3,175.35,+2.97
DFM Foods Limi,180.75,186.1,+2.96
Univastu India,32.1,33.05,+2.96
Akzo Nobel India,1834.2,1888.05,+2.94
EID Parry,276.75,284.9,+2.94
Colgate Palm.,1406.7,1447.75,+2.92
Marico Ltd.,351.9,362.15,+2.91
Sarda Energy & Miner,165.25,170.05,+2.90
Lakshmi Machines,2851.85,2934.55,+2.90
Deep Industries,72.6,74.7,+2.89
Global Vectra Helico,57.3,58.95,+2.88
Triveni Eng.&Ind.Ltd,54.5,56.05,+2.84
VST Industries,3133.35,3221.6,+2.82
V Mart Retail,1740.8,1789.3,+2.79
ICICI Lombard Gen.,1266.6,1301.9,+2.79
Mazda Ltd.,306.15,314.7,+2.79
Century Enka,175.45,180.35,+2.79
Brigade Enterprises,135.95,139.7,+2.76
Himatsingka Seid,62.55,64.25,+2.72
Thomas Scott (India),5.55,5.7,+2.70
Ramky Infrastructure,35.3,36.25,+2.69
P&G Health,4069.9,4177.65,+2.65
Astra Microwave,105.75,108.55,+2.65
Balmer Lawrie &,109.7,112.6,+2.64
Healthcare Global En,122.8,126.0,+2.61
KRBL Ltd.,246.1,252.5,+2.60
Heidelberg Cement In,177.1,181.7,+2.60
Schaeffler India,3567.2,3659.3,+2.58
Jaiprakash Power Ven,1.95,2.0,+2.56
Tata Metaliks,482.0,494.1,+2.51
Tera Software,24.0,24.6,+2.50
AIA Engineering,1606.95,1646.4,+2.45
MOIL Ltd.,140.8,144.25,+2.45
Tantia Constructions,2.1,2.15,+2.38
Foseco India Lim,1022.6,1046.85,+2.37
Timken India Ltd,950.15,972.6,+2.36
SKIL Infrastructure,4.25,4.35,+2.35
Amber Enterprises,1437.85,1471.65,+2.35
Hindustan Unilever L,2180.0,2231.3,+2.35
Greenply Industr,84.1,86.05,+2.32
Varun Beverages Ltd.,680.95,696.75,+2.32
Orient Press Ltd,76.1,77.85,+2.30
Delta Corp Ltd.,86.8,88.8,+2.30
Jyothy Labs,117.5,120.2,+2.30
Adani Gas,152.6,156.05,+2.26
MTNL,9.1,9.3,+2.20
Apollo Tyres,108.0,110.35,+2.18
ICRA Ltd.,2485.85,2539.85,+2.17
Cadila Healthcar,353.1,360.75,+2.17
Shree Rama Newsprint,16.1,16.45,+2.17
ISMT Ltd.,4.65,4.75,+2.15
India Motor Part,509.1,520.0,+2.14
Prime Focus,25.7,26.25,+2.14
Kotak Mahindra Bank,1360.45,1389.45,+2.13
Minda Industries,274.2,280.05,+2.13
Cummins India Lt,392.35,400.65,+2.12
Lokesh Machines,22.3,22.75,+2.02
NHPC,20.0,20.4,+2.00
Commercial Engineers,12.75,13.0,+1.96
J B Chemicals & Phar,707.45,721.0,+1.92
Sadbhav Infrastructu,15.8,16.1,+1.90
Time Technoplast Ltd,37.45,38.15,+1.87
Prime Securities,45.7,46.55,+1.86
Apcotex Industries L,121.2,123.45,+1.86
Godrej Properties Lt,867.1,883.15,+1.85
Selan Exploratio,101.3,103.15,+1.83
RBL Bank,173.5,176.65,+1.82
Cantabil Retail Indi,288.05,293.2,+1.79
Man Industries I,45.4,46.2,+1.76
P&G Hygiene&Health,10151.65,10329.45,+1.75
Vinati Organics,964.2,981.0,+1.74
Phoenix Mills,584.95,595.0,+1.72
NACL Industries L,38.5,39.15,+1.69
Gulf Oil Lubricants,569.95,579.6,+1.69
TCI Ltd.,168.75,171.6,+1.69
ICICI Securities,469.85,477.7,+1.67
Indostar Capital Fin,258.35,262.65,+1.66
Sangam India Ltd,48.45,49.25,+1.65
Sobha,226.9,230.65,+1.65
OnMobile Global Ltd.,29.05,29.5,+1.55
CSB Bank,187.15,190.0,+1.52
Guj. Mineral Dev,39.95,40.55,+1.50
Whirlpool of Ind,2074.8,2105.25,+1.47
Biocon,390.1,395.8,+1.46
Harita Seating Syst.,365.05,370.35,+1.45
Oricon Enterprises L,17.2,17.45,+1.45
Nxtdigital L,392.1,397.7,+1.43
Esab India,1402.0,1421.65,+1.40
Repro India Ltd.,384.95,390.25,+1.38
Safari Indus.,366.0,371.05,+1.38
SJVN Ltd.,21.8,22.1,+1.38
Kapston Facilities,88.1,89.3,+1.36
TV18 Broadcast,33.75,34.2,+1.33
Ganesha Ecosphere,222.45,225.35,+1.30
Panama Petrochem,42.15,42.7,+1.30
Gillette India Ltd.,4982.6,5046.35,+1.28
India Glycols,272.35,275.55,+1.17
Gabriel India,86.55,87.55,+1.16
Xchanging Solutions,47.3,47.85,+1.16
WABCO India,6880.15,6958.6,+1.14
Bharti Airtel,559.85,566.2,+1.13
NRB Bearings Lim,77.55,78.4,+1.10
Prince Pipes & Fitti,108.85,110.05,+1.10
Rail Vikas Nigam,18.85,19.05,+1.06
Precision Wires,100.1,101.15,+1.05
ITC Ltd.,194.65,196.7,+1.05
GMM Pfaudler Ltd,4090.15,4126.65,+0.89
Puravankara,40.25,40.6,+0.87
Indian Energy Exchan,179.75,181.2,+0.81
Oriental Hotels,19.25,19.4,+0.78
Tata Chemicals,310.05,312.4,+0.76
Hi-Tech Pipes Ltd.,107.6,108.4,+0.74
CCL Products India,234.6,236.3,+0.72
Patel Engg. Ltd.,13.95,14.05,+0.72
NIIT Ltd.,94.5,95.15,+0.69
Sumitomo Chemical,273.8,275.65,+0.68
Indoco Remedies,203.8,205.05,+0.61
Revathi Equipment Lt,388.95,391.3,+0.60
Orient Abrasives,16.85,16.95,+0.59
Navkar Corporation L,26.15,26.3,+0.57
FDC Ltd.,279.6,281.05,+0.52
Guj. Sidhee Ceme,29.65,29.8,+0.51
Surya Roshni Ltd,117.75,118.35,+0.51
BF Investment Ltd.,307.75,309.3,+0.50
Cera Sanitaryware L,2210.25,2220.8,+0.48
Radico Khaitan Ltd.,373.5,375.3,+0.48
Torrent Pharmac,2372.1,2383.05,+0.46
Sreeleathers Ltd.,124.95,125.5,+0.44
SundaramBrakeLining,219.05,219.95,+0.41
Deccan Cements,257.75,258.75,+0.39
TCI Developers Ltd.,274.05,275.1,+0.38
SML Isuzu Ltd.,385.5,386.9,+0.36
Redington (India) Lt,87.85,88.15,+0.34
Expleo Solutions,272.05,272.95,+0.33
Alicon Castalloy,251.15,251.9,+0.30
DB Corp,74.1,74.3,+0.27
Asian Hotels (East),136.45,136.8,+0.26
Shriram City Uni,671.4,672.9,+0.22
McDowell Holdings Lt,24.85,24.9,+0.20
Indo Tech Transforme,94.75,94.9,+0.16
City Union Bank,121.3,121.5,+0.16
Great Eastern,212.25,212.6,+0.16
Bal Pharma Ltd,43.25,43.3,+0.12
Network 18 Media & I,40.8,40.85,+0.12
Aditya Birla Fashion,125.3,125.35,+0.04
Sanofi India,7877.25,7879.95,+0.03
